{"cameraMode":{"drawMode":0,"name":"Shaded","section":"Shading Mode"},"sceneLighting":false,"audioPlay":false,"sceneViewState":{"showFog":true,"showMaterialUpdate":false,"showSkybox":false,"showFlares":true,"showImageEffects":true,"showParticleSystems":true},"in2DMode":false,"pivot":{"x":-2.435236930847168,"y":-6.075392246246338,"z":5.690493106842041},"rotation":{"x":0.4192575216293335,"y":-0.14068616926670075,"z":0.0659424215555191,"w":0.8944786190986633},"size":8.17254638671875,"orthographic":false}