{"cameraMode":{"drawMode":0,"name":"Shaded","section":"Shading Mode"},"sceneLighting":false,"audioPlay":false,"sceneViewState":{"showFog":true,"showMaterialUpdate":false,"showSkybox":false,"showFlares":true,"showImageEffects":true,"showParticleSystems":true},"in2DMode":false,"pivot":{"x":-10.553668022155762,"y":-0.463522344827652,"z":1.4599052667617798},"rotation":{"x":-0.0815349817276001,"y":0.7124950289726257,"z":-0.08396822959184647,"w":-0.6918514966964722},"size":8.33853816986084,"orthographic":false}